<?xml version="1.0" encoding="Windows-1251" standalone="no"?><datasheet>
<data date="19.03.2018">
<x>1.1</x>
<y>1.01</y>
</data>
<data date="20.03.2018">
<x>2.2</x>
<y>2.30</y>
</data>
<data date="21.03.2018">
<x>3.3</x>
<y>3.05</y>
</data>
<data date="22.03.2018">
<x>4.4</x>
<y>4.28</y>
</data>
<data date="23.03.2018">
<x>5.5</x>
<y>5.75</y>
</data>
<data date="24.03.2018">
<x>6.6</x>
<y>6.48</y>
</data>
<data date="25.03.2018">
<x>7.7</x>
<y>7.84</y>
</data>
</datasheet><root><data date="19.04.2018"><x>19.0</x><y>4.0</y></data></root>