<?xml version="1.0" encoding="UTF-8" ?>
<Configuration status="INFO">
    -
    <Appenders>
        <Console name="Console" target="SYSTEM_OUT">
            <PatternLayout pattern="%d{yyyy-MM-dd HH:mm:ss} [%-5p] %c{1}:%L - %m%n"/>
            <LevelRangeFilter minLevel="FATAL" maxLevel="All" onMatch="ACCEPT" onMismatch="DENY"/>
        </Console>
        <RollingFile name="RollingFile1" fileName="logFile2.log" filePattern="calculator-%i.log" append="false">
            <PatternLayout pattern="%d{yyyy-MM-dd HH:mm:ss} [%-5p] %c{1}:%L - %m%n"/>
            <LevelRangeFilter minLevel="FATAL" maxLevel="ERROR" onMatch="ACCEPT" onMismatch="DENY"/>
            <SizeBasedTriggeringPolicy size="1MB"/>
            <DefaultRolloverStrategy max="10"/>
        </RollingFile>
    </Appenders>
    <Loggers>
        <Root level="debug">
            <AppenderRef ref="Console" level="debug"/>
            <AppenderRef ref="RollingFile1" level="debug"/>
        </Root>
    </Loggers>
</Configuration>
